"doctor_id","first_name","last_name","specialty","phone","email"
1,"Doctor_1","Last_1","General Medicine","0801162413","doctor_1@hospital.com"
2,"Doctor_2","Last_2","Neurology","0809414663","doctor_2@hospital.com"
3,"Doctor_3","Last_3","Neurology","0805672743","doctor_3@hospital.com"
4,"Doctor_4","Last_4","Cardiology","0802911395","doctor_4@hospital.com"
5,"Doctor_5","Last_5","Orthopedics","0801672273","doctor_5@hospital.com"
6,"Doctor_6","Last_6","Neurology","0804567748","doctor_6@hospital.com"
7,"Doctor_7","Last_7","Neurology","0809327563","doctor_7@hospital.com"
8,"Doctor_8","Last_8","Orthopedics","0804189954","doctor_8@hospital.com"
9,"Doctor_9","Last_9","Orthopedics","0801421693","doctor_9@hospital.com"
10,"Doctor_10","Last_10","Cardiology","0808584675","doctor_10@hospital.com"
11,"Doctor_11","Last_11","Neurology","080829491","doctor_11@hospital.com"
12,"Doctor_12","Last_12","Orthopedics","0807110035","doctor_12@hospital.com"
13,"Doctor_13","Last_13","Cardiology","0805257628","doctor_13@hospital.com"
14,"Doctor_14","Last_14","Neurology","080307618","doctor_14@hospital.com"
15,"Doctor_15","Last_15","Neurology","0802059452","doctor_15@hospital.com"
16,"Doctor_16","Last_16","Neurology","0802734607","doctor_16@hospital.com"
17,"Doctor_17","Last_17","Orthopedics","0807672774","doctor_17@hospital.com"
18,"Doctor_18","Last_18","General Medicine","0807893033","doctor_18@hospital.com"
19,"Doctor_19","Last_19","Cardiology","0801356735","doctor_19@hospital.com"
20,"Doctor_20","Last_20","Neurology","0805388839","doctor_20@hospital.com"
21,"Doctor_21","Last_21","Cardiology","0801937233","doctor_21@hospital.com"
22,"Doctor_22","Last_22","Orthopedics","0806919281","doctor_22@hospital.com"
23,"Doctor_23","Last_23","Neurology","0805464249","doctor_23@hospital.com"
24,"Doctor_24","Last_24","Neurology","080461096","doctor_24@hospital.com"
25,"Doctor_25","Last_25","Cardiology","0809599972","doctor_25@hospital.com"
26,"Doctor_26","Last_26","Orthopedics","0804665735","doctor_26@hospital.com"
27,"Doctor_27","Last_27","Cardiology","0805235255","doctor_27@hospital.com"
28,"Doctor_28","Last_28","Neurology","0805609944","doctor_28@hospital.com"
29,"Doctor_29","Last_29","Orthopedics","0805925513","doctor_29@hospital.com"
30,"Doctor_30","Last_30","Neurology","0802861325","doctor_30@hospital.com"
31,"Doctor_31","Last_31","Cardiology","0803931186","doctor_31@hospital.com"
32,"Doctor_32","Last_32","Orthopedics","0802270860","doctor_32@hospital.com"
33,"Doctor_33","Last_33","Neurology","0801263048","doctor_33@hospital.com"
34,"Doctor_34","Last_34","Orthopedics","0801219469","doctor_34@hospital.com"
35,"Doctor_35","Last_35","Neurology","0801073161","doctor_35@hospital.com"
36,"Doctor_36","Last_36","General Medicine","0806658520","doctor_36@hospital.com"
37,"Doctor_37","Last_37","Cardiology","0804917463","doctor_37@hospital.com"
38,"Doctor_38","Last_38","General Medicine","0802319647","doctor_38@hospital.com"
39,"Doctor_39","Last_39","Neurology","0806874547","doctor_39@hospital.com"
40,"Doctor_40","Last_40","Neurology","0805258608","doctor_40@hospital.com"
41,"Doctor_41","Last_41","Cardiology","0808777381","doctor_41@hospital.com"
42,"Doctor_42","Last_42","Cardiology","0803123693","doctor_42@hospital.com"
43,"Doctor_43","Last_43","Orthopedics","0808443493","doctor_43@hospital.com"
44,"Doctor_44","Last_44","Neurology","0802156371","doctor_44@hospital.com"
45,"Doctor_45","Last_45","Cardiology","080473171","doctor_45@hospital.com"
46,"Doctor_46","Last_46","Cardiology","0804561757","doctor_46@hospital.com"
47,"Doctor_47","Last_47","Cardiology","0803072278","doctor_47@hospital.com"
48,"Doctor_48","Last_48","Orthopedics","0804566638","doctor_48@hospital.com"
49,"Doctor_49","Last_49","Neurology","0804065536","doctor_49@hospital.com"
50,"Doctor_50","Last_50","Orthopedics","0803708535","doctor_50@hospital.com"
51,"Doctor_51","Last_51","Cardiology","0808909127","doctor_51@hospital.com"
52,"Doctor_52","Last_52","Neurology","0808297320","doctor_52@hospital.com"
53,"Doctor_53","Last_53","Neurology","0803632689","doctor_53@hospital.com"
54,"Doctor_54","Last_54","General Medicine","0806644241","doctor_54@hospital.com"
55,"Doctor_55","Last_55","Neurology","0807801828","doctor_55@hospital.com"
56,"Doctor_56","Last_56","Cardiology","0803095005","doctor_56@hospital.com"
57,"Doctor_57","Last_57","Orthopedics","0807568086","doctor_57@hospital.com"
58,"Doctor_58","Last_58","Orthopedics","0804143639","doctor_58@hospital.com"
59,"Doctor_59","Last_59","Neurology","0801074836","doctor_59@hospital.com"
60,"Doctor_60","Last_60","Cardiology","0807547020","doctor_60@hospital.com"
61,"Doctor_61","Last_61","Neurology","0805880458","doctor_61@hospital.com"
62,"Doctor_62","Last_62","Neurology","0808052948","doctor_62@hospital.com"
63,"Doctor_63","Last_63","Cardiology","0802326264","doctor_63@hospital.com"
64,"Doctor_64","Last_64","General Medicine","0803680957","doctor_64@hospital.com"
65,"Doctor_65","Last_65","Orthopedics","0807503228","doctor_65@hospital.com"
66,"Doctor_66","Last_66","Cardiology","0809866514","doctor_66@hospital.com"
67,"Doctor_67","Last_67","Neurology","0802865851","doctor_67@hospital.com"
68,"Doctor_68","Last_68","Neurology","0802990024","doctor_68@hospital.com"
69,"Doctor_69","Last_69","Orthopedics","0805309083","doctor_69@hospital.com"
70,"Doctor_70","Last_70","Orthopedics","0804362448","doctor_70@hospital.com"
71,"Doctor_71","Last_71","General Medicine","0808760420","doctor_71@hospital.com"
72,"Doctor_72","Last_72","Orthopedics","0803156108","doctor_72@hospital.com"
73,"Doctor_73","Last_73","General Medicine","0801705796","doctor_73@hospital.com"
74,"Doctor_74","Last_74","Cardiology","0806439174","doctor_74@hospital.com"
75,"Doctor_75","Last_75","Cardiology","0805096941","doctor_75@hospital.com"
76,"Doctor_76","Last_76","Neurology","0805513992","doctor_76@hospital.com"
77,"Doctor_77","Last_77","Cardiology","0808464981","doctor_77@hospital.com"
78,"Doctor_78","Last_78","Neurology","080571009","doctor_78@hospital.com"
79,"Doctor_79","Last_79","Cardiology","0806531879","doctor_79@hospital.com"
80,"Doctor_80","Last_80","Neurology","0802489403","doctor_80@hospital.com"
81,"Doctor_81","Last_81","Neurology","0806486465","doctor_81@hospital.com"
82,"Doctor_82","Last_82","Cardiology","0807378692","doctor_82@hospital.com"
83,"Doctor_83","Last_83","Cardiology","0807992910","doctor_83@hospital.com"
84,"Doctor_84","Last_84","Cardiology","0803480886","doctor_84@hospital.com"
85,"Doctor_85","Last_85","Neurology","0806315620","doctor_85@hospital.com"
86,"Doctor_86","Last_86","Neurology","0806320996","doctor_86@hospital.com"
87,"Doctor_87","Last_87","Cardiology","0801684610","doctor_87@hospital.com"
88,"Doctor_88","Last_88","Orthopedics","0806389918","doctor_88@hospital.com"
89,"Doctor_89","Last_89","Orthopedics","0803049652","doctor_89@hospital.com"
90,"Doctor_90","Last_90","Neurology","0809667902","doctor_90@hospital.com"
91,"Doctor_91","Last_91","Orthopedics","0801994885","doctor_91@hospital.com"
92,"Doctor_92","Last_92","Neurology","0809926401","doctor_92@hospital.com"
93,"Doctor_93","Last_93","Cardiology","0801702435","doctor_93@hospital.com"
94,"Doctor_94","Last_94","Neurology","0806740981","doctor_94@hospital.com"
95,"Doctor_95","Last_95","Neurology","0805282980","doctor_95@hospital.com"
96,"Doctor_96","Last_96","Cardiology","0802085404","doctor_96@hospital.com"
97,"Doctor_97","Last_97","General Medicine","0807585171","doctor_97@hospital.com"
98,"Doctor_98","Last_98","Orthopedics","0801672320","doctor_98@hospital.com"
99,"Doctor_99","Last_99","Orthopedics","0804402615","doctor_99@hospital.com"
100,"Doctor_100","Last_100","Orthopedics","080149720","doctor_100@hospital.com"
